MovieID,Title,NumRatings
2858,American Beauty (1999),3428
260,Star Wars: Episode IV - A New Hope (1977),2991
1196,Star Wars: Episode V - The Empire Strikes Back (1980),2990
1210,Star Wars: Episode VI - Return of the Jedi (1983),2883
480,Jurassic Park (1993),2672
2028,Saving Private Ryan (1998),2653
589,Terminator 2: Judgment Day (1991),2649
2571,"Matrix, The (1999)",2590
1270,Back to the Future (1985),2583
593,"Silence of the Lambs, The (1991)",2578
1580,Men in Black (1997),2538
1198,Raiders of the Lost Ark (1981),2514
608,Fargo (1996),2513
2762,"Sixth Sense, The (1999)",2459
110,Braveheart (1995),2443
2396,Shakespeare in Love (1998),2369
1197,"Princess Bride, The (1987)",2318
527,Schindler's List (1993),2304
1617,L.A. Confidential (1997),2288
1265,Groundhog Day (1993),2278
1097,E.T. the Extra-Terrestrial (1982),2269
2628,Star Wars: Episode I - The Phantom Menace (1999),2250
2997,Being John Malkovich (1999),2241
318,"Shawshank Redemption, The (1994)",2227
858,"Godfather, The (1972)",2223
356,Forrest Gump (1994),2194
2716,Ghostbusters (1984),2181
296,Pulp Fiction (1994),2171
1240,"Terminator, The (1984)",2098
1,Toy Story (1995),2077
1214,Alien (1979),2024
2916,Total Recall (1990),1996
457,"Fugitive, The (1993)",1995
3578,Gladiator (2000),1924
1200,Aliens (1986),1820
541,Blade Runner (1982),1800
2987,Who Framed Roger Rabbit? (1988),1799
1259,Stand by Me (1986),1785
50,"Usual Suspects, The (1995)",1783
34,Babe (1995),1751
2791,Airplane! (1980),1731
780,Independence Day (ID4) (1996),1730
3175,Galaxy Quest (1999),1728
1193,One Flew Over the Cuckoo's Nest (1975),1725
919,"Wizard of Oz, The (1939)",1718
924,2001: A Space Odyssey (1968),1716
1127,"Abyss, The (1989)",1715
2355,"Bug's Life, A (1998)",1703
1387,Jaws (1975),1697
1221,"Godfather: Part II, The (1974)",1692
912,Casablanca (1942),1669
1036,Die Hard (1988),1666
1213,GoodFellas (1990),1657
1610,"Hunt for Red October, The (1990)",1652
377,Speed (1994),1650
1291,Indiana Jones and the Last Crusade (1989),1628
2000,Lethal Weapon (1987),1627
1136,Monty Python and the Holy Grail (1974),1599
3114,Toy Story 2 (1999),1585
1307,When Harry Met Sally... (1989),1568
1704,Good Will Hunting (1997),1548
1721,Titanic (1997),1546
1968,"Breakfast Club, The (1985)",1539
648,Mission: Impossible (1996),1527
2599,Election (1999),1522
3793,X-Men (2000),1511
32,Twelve Monkeys (1995),1511
2174,Beetlejuice (1988),1495
2797,Big (1988),1491
2918,Ferris Bueller's Day Off (1986),1473
2291,Edward Scissorhands (1990),1473
590,Dances with Wolves (1990),1451
2959,Fight Club (1999),1451
3471,Close Encounters of the Third Kind (1977),1451
1374,Star Trek: The Wrath of Khan (1982),1448
2683,Austin Powers: The Spy Who Shagged Me (1999),1434
1394,Raising Arizona (1987),1434
592,Batman (1989),1431
1784,As Good As It Gets (1997),1424
1573,Face/Off (1997),1421
1304,Butch Cassidy and the Sundance Kid (1969),1419
3418,Thelma & Louise (1991),1417
223,Clerks (1994),1412
380,True Lies (1994),1400
2706,American Pie (1999),1389
1225,Amadeus (1984),1382
1584,Contact (1997),1382
1527,"Fifth Element, The (1997)",1377
3481,High Fidelity (2000),1373
1923,There's Something About Mary (1998),1371
750,Dr. Strangelove or: How I Learned to Stop Worrying and Love the Bomb (1963),1367
2699,Arachnophobia (1990),1367
39,Clueless (1995),1362
21,Get Shorty (1995),1356
1393,Jerry Maguire (1996),1353
2804,"Christmas Story, A (1983)",1352
588,Aladdin (1992),1351
2406,Romancing the Stone (1984),1345
1220,"Blues Brothers, The (1980)",1341
733,"Rock, The (1996)",1340
1230,Annie Hall (1977),1334
3176,"Talented Mr. Ripley, The (1999)",1331
1961,Rain Man (1988),1330
3751,Chicken Run (2000),1329
1079,"Fish Called Wanda, A (1988)",1326
908,North by Northwest (1959),1315
3408,Erin Brockovich (2000),1315
3623,Mission: Impossible 2 (2000),1313
1073,Willy Wonka and the Chocolate Factory (1971),1313
1356,Star Trek: First Contact (1996),1310
3527,Predator (1987),1297
2700,"South Park: Bigger, Longer and Uncut (1999)",1269
1219,Psycho (1960),1263
1247,"Graduate, The (1967)",1261
1089,Reservoir Dogs (1992),1259
1544,"Lost World: Jurassic Park, The (1997)",1255
1222,Full Metal Jacket (1987),1254
150,Apollo 13 (1995),1251
3753,"Patriot, The (2000)",1240
111,Taxi Driver (1976),1240
2710,"Blair Witch Project, The (1999)",1237
2657,"Rocky Horror Picture Show, The (1975)",1233
357,Four Weddings and a Funeral (1994),1233
1094,"Crying Game, The (1992)",1229
2985,Robocop (1987),1229
1206,"Clockwork Orange, A (1971)",1229
2640,Superman (1978),1222
3147,"Green Mile, The (1999)",1222
2395,Rushmore (1998),1220
3421,Animal House (1978),1207
1517,Austin Powers: International Man of Mystery (1997),1205
1641,"Full Monty, The (1997)",1199
1278,Young Frankenstein (1974),1193
1252,Chinatown (1974),1185
367,"Mask, The (1994)",1179
1358,Sling Blade (1996),1177
1208,Apocalypse Now (1979),1176
2100,Splash (1984),1163
1676,Starship Troopers (1997),1163
2529,Planet of the Apes (1968),1162
2011,Back to the Future Part II (1989),1158
2321,Pleasantville (1998),1158
920,Gone with the Wind (1939),1156
2324,Life Is Beautiful (La Vita è bella) (1997),1152
2012,Back to the Future Part III (1990),1148
1090,Platoon (1986),1143
47,Seven (Se7en) (1995),1137
1500,Grosse Pointe Blank (1997),1136
1370,Die Hard 2 (1990),1135
1954,Rocky (1976),1129
1673,Boogie Nights (1997),1128
2115,Indiana Jones and the Temple of Doom (1984),1127
2194,"Untouchables, The (1987)",1127
1376,Star Trek IV: The Voyage Home (1986),1126
587,Ghost (1990),1124
364,"Lion King, The (1994)",1121
3253,Wayne's World (1992),1120
3671,Blazing Saddles (1974),1119
1288,This Is Spinal Tap (1984),1118
923,Citizen Kane (1941),1116
316,Stargate (1994),1116
3160,Magnolia (1999),1113
1242,Glory (1989),1112
1917,Armageddon (1998),1110
736,Twister (1996),1110
3255,"League of Their Own, A (1992)",1099
1294,M*A*S*H (1970),1099
1732,"Big Lebowski, The (1998)",1097
3361,Bull Durham (1988),1095
1396,Sneakers (1992),1091
2763,"Thomas Crown Affair, The (1999)",1089
1258,"Shining, The (1980)",1087
2302,My Cousin Vinny (1992),1086
3448,"Good Morning, Vietnam (1987)",1082
1653,Gattaca (1997),1077
1608,Air Force One (1997),1076
1391,Mars Attacks! (1996),1074
2692,Run Lola Run (Lola rennt) (1998),1072
2455,"Fly, The (1986)",1071
3081,Sleepy Hollow (1999),1066
3702,Mad Max (1979),1066
2268,"Few Good Men, A (1992)",1061
595,Beauty and the Beast (1991),1060
349,Clear and Present Danger (1994),1059
969,"African Queen, The (1951)",1057
3256,Patriot Games (1992),1052
904,Rear Window (1954),1050
1234,"Sting, The (1973)",1049
597,Pretty Woman (1990),1046
1674,Witness (1985),1046
2054,"Honey, I Shrunk the Kids (1989)",1045
913,"Maltese Falcon, The (1941)",1043
2081,"Little Mermaid, The (1989)",1035
3703,Mad Max 2 (a.k.a. The Road Warrior) (1981),1034
11,"American President, The (1995)",1033
1377,Batman Returns (1992),1031
2890,Three Kings (1999),1021
3755,"Perfect Storm, The (2000)",1013
2001,Lethal Weapon 2 (1989),1011
1028,Mary Poppins (1964),1011
1101,Top Gun (1986),1010
2968,Time Bandits (1981),1010
2617,"Mummy, The (1999)",1007
2407,Cocoon (1985),1006
1682,"Truman Show, The (1998)",1005
1372,Star Trek VI: The Undiscovered Country (1991),1001
1233,"Boat, The (Das Boot) (1981)",1001
1266,Unforgiven (1992),997
551,"Nightmare Before Christmas, The (1993)",996
1909,"X-Files: Fight the Future, The (1998)",996
3897,Almost Famous (2000),994
329,Star Trek: Generations (1994),990
3363,American Graffiti (1973),990
3052,Dogma (1999),989
1183,"English Patient, The (1996)",989
2353,Enemy of the State (1998),988
539,Sleepless in Seattle (1993),986
2006,"Mask of Zorro, The (1998)",983
3072,Moonstruck (1987),982
25,Leaving Las Vegas (1995),980
2289,"Player, The (1992)",978
1408,"Last of the Mohicans, The (1992)",975
474,In the Line of Fire (1993),972
2105,Tron (1982),970
3552,Caddyshack (1980),967
1639,Chasing Amy (1997),966
1552,Con Air (1997),954
440,Dave (1993),948
788,"Nutty Professor, The (1996)",948
3108,"Fisher King, The (1991)",945
1215,Army of Darkness (1993),945
2712,Eyes Wide Shut (1999),945
1282,Fantasia (1940),943
6,Heat (1995),940
2336,Elizabeth (1998),938
1250,"Bridge on the River Kwai, The (1957)",938
2746,Little Shop of Horrors (1986),936
2770,Bowfinger (1999),935
1276,Cool Hand Luke (1967),930
1207,To Kill a Mockingbird (1962),928
36,Dead Man Walking (1995),928
1375,Star Trek III: The Search for Spock (1984),927
235,Ed Wood (1994),927
1080,Monty Python's Life of Brian (1979),926
1320,Alien³ (1992),925
293,"Professional, The (a.k.a. Leon: The Professional) (1994)",923
2248,Say Anything... (1989),914
70,From Dusk Till Dawn (1996),914
1199,Brazil (1985),913
2470,Crocodile Dundee (1986),912
1777,"Wedding Singer, The (1998)",909
1912,Out of Sight (1998),908
3555,U-571 (2000),908
1747,Wag the Dog (1997),907
903,Vertigo (1958),905
2701,Wild Wild West (1999),902
3033,Spaceballs (1987),899
2947,Goldfinger (1964),897
1876,Deep Impact (1998),895
10,GoldenEye (1995),888
1407,Scream (1996),886
3210,Fast Times at Ridgemont High (1982),886
1179,"Grifters, The (1990)",885
1997,"Exorcist, The (1973)",885
1129,Escape from New York (1981),884
3006,"Insider, The (1999)",884
3499,Misery (1990),884
1625,"Game, The (1997)",882
1148,"Wrong Trousers, The (1993)",882
1035,"Sound of Music, The (1965)",882
1748,Dark City (1998),874
3174,Man on the Moon (1999),874
2502,Office Space (1999),872
3107,Backdraft (1991),869
3699,Starman (1984),865
2080,Lady and the Tramp (1955),864
3082,"World Is Not Enough, The (1999)",862
3948,Meet the Parents (2000),862
1722,Tomorrow Never Dies (1997),862
3608,Pee-wee's Big Adventure (1985),861
1953,"French Connection, The (1971)",861
1246,Dead Poets Society (1989),855
2723,Mystery Men (1999),853
2915,Risky Business (1983),852
2908,Boys Don't Cry (1999),850
2641,Superman II (1980),846
2369,Desperately Seeking Susan (1985),840
3543,Diner (1982),839
3039,Trading Places (1983),839
2352,"Big Chill, The (1983)",838
2424,You've Got Mail (1998),838
500,Mrs. Doubtfire (1993),838
17,Sense and Sensibility (1995),835
910,Some Like It Hot (1959),832
1204,Lawrence of Arabia (1962),831
1645,"Devil's Advocate, The (1997)",826
165,Die Hard: With a Vengeance (1995),825
2108,L.A. Story (1991),825
454,"Firm, The (1993)",824
1201,"Good, The Bad and The Ugly, The (1966)",822
3510,Frequency (2000),821
1569,My Best Friend's Wedding (1997),820
1380,Grease (1978),817
3809,What About Bob? (1991),817
1597,Conspiracy Theory (1997),811
3526,Parenthood (1989),811
3450,Grumpy Old Men (1993),809
2167,Blade (1998),809
2393,Star Trek: Insurrection (1998),807
2278,Ronin (1998),806
2427,"Thin Red Line, The (1998)",803
1285,Heathers (1989),803
2002,Lethal Weapon 3 (1992),802
3101,Fatal Attraction (1987),802
2193,Willow (1988),802
368,Maverick (1994),802
2058,"Negotiator, The (1998)",799
2064,Roger & Me (1989),798
1994,Poltergeist (1982),795
3354,Mission to Mars (2000),793
1371,Star Trek: The Motion Picture (1979),792
2694,Big Daddy (1999),791
3624,Shanghai Noon (2000),791
2021,Dune (1984),789
2243,Broadcast News (1987),789
2881,Double Jeopardy (1999),786
1060,Swingers (1996),786
3424,Do the Right Thing (1989),781
2671,Notting Hill (1999),780
1690,Alien: Resurrection (1997),779
2605,Entrapment (1999),777
153,Batman Forever (1995),777
2003,Gremlins (1984),776
2023,"Godfather: Part III, The (1990)",774
2020,Dangerous Liaisons (1988),773
2490,Payback (1999),773
265,Like Water for Chocolate (Como agua para chocolate) (1992),772
2948,From Russia with Love (1963),771
1302,Field of Dreams (1989),768
344,Ace Ventura: Pet Detective (1994),766
785,Kingpin (1996),765
3362,Dog Day Afternoon (1975),765
1267,"Manchurian Candidate, The (1962)",765
3104,Midnight Run (1988),765
594,Snow White and the Seven Dwarfs (1937),763
1947,West Side Story (1961),761
161,Crimson Tide (1995),760
3386,JFK (1991),756
2366,King Kong (1933),756
1513,Romy and Michele's High School Reunion (1997),755
1092,Basic Instinct (1992),751
778,Trainspotting (1996),751
899,Singin' in the Rain (1952),751
1965,Repo Man (1984),751
1231,"Right Stuff, The (1983)",750
2826,"13th Warrior, The (1999)",750
2391,"Simple Plan, A (1998)",745
3396,"Muppet Movie, The (1979)",744
1077,Sleeper (1973),744
2872,Excalibur (1981),742
2288,"Thing, The (1982)",741
1275,Highlander (1986),741
1663,Stripes (1981),740
253,Interview with the Vampire (1994),738
2094,"Rocketeer, The (1991)",736
353,"Crow, The (1994)",734
292,Outbreak (1995),733
1333,"Birds, The (1963)",733
1249,Nikita (La Femme Nikita) (1990),733
1299,"Killing Fields, The (1984)",732
3698,"Running Man, The (1987)",730
2871,Deliverance (1972),729
953,It's a Wonderful Life (1946),729
1729,Jackie Brown (1997),724
2580,Go (1999),723
3704,Mad Max Beyond Thunderdome (1985),722
3489,Hook (1991),722
529,Searching for Bobby Fischer (1993),720
1466,Donnie Brasco (1997),719
2144,Sixteen Candles (1984),719
1244,Manhattan (1979),718
246,Hoop Dreams (1994),716
2005,"Goonies, The (1985)",716
968,Night of the Living Dead (1968),715
2124,"Addams Family, The (1991)",714
2160,Rosemary's Baby (1968),712
3148,"Cider House Rules, The (1999)",711
2140,"Dark Crystal, The (1982)",710
2944,"Dirty Dozen, The (1967)",707
266,Legends of the Fall (1994),705
300,Quiz Show (1994),705
1287,Ben-Hur (1959),704
2359,Waking Ned Devine (1998),703
2,Jumanji (1995),701
3763,F/X (1986),701
288,Natural Born Killers (1994),700
1263,"Deer Hunter, The (1978)",700
2572,10 Things I Hate About You (1999),700
2161,"NeverEnding Story, The (1984)",699
1235,Harold and Maude (1971),697
1262,"Great Escape, The (1963)",696
2150,"Gods Must Be Crazy, The (1980)",695
2145,Pretty in Pink (1986),693
337,What's Eating Gilbert Grape (1993),693
3868,"Naked Gun: From the Files of Police Squad!, The (1988)",692
2688,"General's Daughter, The (1999)",691
3504,Network (1976),688
1343,Cape Fear (1991),687
1088,Dirty Dancing (1987),687
434,Cliffhanger (1993),686
1084,Bonnie and Clyde (1967),686
141,"Birdcage, The (1996)",682
543,So I Married an Axe Murderer (1993),682
16,Casino (1995),682
104,Happy Gilmore (1996),682
3105,Awakenings (1990),680
1093,"Doors, The (1991)",680
708,"Truth About Cats & Dogs, The (1996)",679
1228,Raging Bull (1980),677
902,Breakfast at Tiffany's (1961),676
1188,Strictly Ballroom (1992),676
586,Home Alone (1990),675
2761,"Iron Giant, The (1999)",674
339,While You Were Sleeping (1995),673
2405,"Jewel of the Nile, The (1985)",673
1269,Arsenic and Old Lace (1944),672
1339,Bram Stoker's Dracula (1992),672
1293,Gandhi (1982),671
1918,Lethal Weapon 4 (1998),669
3476,Jacob's Ladder (1990),667
497,Much Ado About Nothing (1993),667
3263,White Men Can't Jump (1992),667
1831,Lost in Space (1998),667
3247,Sister Act (1992),666
1485,Liar Liar (1997),666
2078,"Jungle Book, The (1967)",664
1883,Bulworth (1998),664
1952,Midnight Cowboy (1969),663
231,Dumb & Dumber (1994),660
555,True Romance (1993),658
3863,"Cell, The (2000)",658
2300,"Producers, The (1968)",658
745,"Close Shave, A (1995)",657
3911,Best in Show (2000),657
2076,Blue Velvet (1986),654
3638,Moonraker (1979),652
1962,Driving Miss Daisy (1989),652
208,Waterworld (1995),651
2724,Runaway Bride (1999),650
2949,Dr. No (1962),646
1272,Patton (1970),645
2294,Antz (1998),645
3697,Predator 2 (1990),643
441,Dazed and Confused (1993),643
317,"Santa Clause, The (1994)",641
2329,American History X (1998),640
3005,"Bone Collector, The (1999)",640
442,Demolition Man (1993),640
95,Broken Arrow (1996),638
2527,Westworld (1973),636
1960,"Last Emperor, The (1987)",636
914,My Fair Lady (1964),636
2707,Arlington Road (1999),634
1957,Chariots of Fire (1981),634
3535,American Psycho (2000),630
800,Lone Star (1996),630
3591,Mr. Mom (1983),628
2019,Seven Samurai (The Magnificent Seven) (Shichinin no samurai) (1954),628
3683,Blood Simple (1984),628
1711,Midnight in the Garden of Good and Evil (1997),628
2664,Invasion of the Body Snatchers (1956),628
2273,Rush Hour (1998),627
1959,Out of Africa (1985),626
2528,Logan's Run (1976),626
3257,"Bodyguard, The (1992)",626
1805,Wild Things (1998),626
2542,"Lock, Stock & Two Smoking Barrels (1998)",625
2581,Never Been Kissed (1999),624
24,Powder (1995),624
2616,Dick Tracy (1990),624
3100,"River Runs Through It, A (1992)",623
2013,"Poseidon Adventure, The (1972)",622
610,Heavy Metal (1981),618
1203,12 Angry Men (1957),616
2539,Analyze This (1999),616
1037,"Lawnmower Man, The (1992)",615
852,Tin Cup (1996),615
1172,Cinema Paradiso (1988),615
3785,Scary Movie (2000),613
1373,Star Trek V: The Final Frontier (1989),613
1921,Pi (1998),613
2433,"Civil Action, A (1998)",612
653,Dragonheart (1996),612
3070,"Adventures of Buckaroo Bonzai Across the 8th Dimension, The (1984)",611
509,"Piano, The (1993)",608
1885,"Opposite of Sex, The (1998)",608
1562,Batman & Robin (1997),606
198,Strange Days (1995),605
3301,"Whole Nine Yards, The (2000)",602
471,"Hudsucker Proxy, The (1994)",599
2371,Fletch (1985),599
2722,Deep Blue Sea (1999),598
2087,Peter Pan (1953),594
1256,Duck Soup (1933),594
1271,Fried Green Tomatoes (1991),593
1292,Being There (1979),591
3037,Little Big Man (1970),591
3298,Boiler Room (2000),590
3360,Hoosiers (1986),590
2018,Bambi (1942),589
2501,October Sky (1999),588
3717,Gone in 60 Seconds (2000),584
3740,Big Trouble in Little China (1986),584
3044,Dead Again (1991),583
2686,"Red Violin, The (Le Violon rouge) (1998)",583
898,"Philadelphia Story, The (1940)",582
2394,"Prince of Egypt, The (1998)",579
2333,Gods and Monsters (1998),578
1022,Cinderella (1950),577
3273,Scream 3 (2000),577
1019,"20,000 Leagues Under the Sea (1954)",575
466,Hot Shots! Part Deux (1993),573
2109,"Jerk, The (1979)",573
866,Bound (1996),572
1587,Conan the Barbarian (1982),572
1095,Glengarry Glen Ross (1992),571
112,Rumble in the Bronx (1995),570
185,"Net, The (1995)",569
2478,Three Amigos! (1986),569
1029,Dumbo (1941),568
1345,Carrie (1976),567
2662,"War of the Worlds, The (1953)",565
160,Congo (1995),565
2085,101 Dalmatians (1961),565
2717,Ghostbusters II (1989),565
832,Ransom (1996),564
2067,Doctor Zhivago (1965),564
3113,End of Days (1999),564
173,Judge Dredd (1995),564
673,Space Jam (1996),563
1479,"Saint, The (1997)",563
1186,"Sex, Lies, and Videotape (1989)",562
1378,Young Guns (1988),562
508,Philadelphia (1993),561
1296,"Room with a View, A (1986)",560
3752,"Me, Myself and Irene (2000)",560
1253,"Day the Earth Stood Still, The (1951)",559
3893,Nurse Betty (2000),559
2541,Cruel Intentions (1999),559
3060,"Commitments, The (1991)",558
2792,Airplane II: The Sequel (1982),558
1586,G.I. Jane (1997),557
2976,Bringing Out the Dead (1999),557
3252,Scent of a Woman (1992),555
151,Rob Roy (1995),554
1967,Labyrinth (1986),554
553,Tombstone (1993),553
3435,Double Indemnity (1944),551
196,Species (1995),550
1321,"American Werewolf in London, An (1981)",549
2795,Vacation (1983),549
3098,"Natural, The (1984)",548
1261,Evil Dead II (Dead By Dawn) (1987),548
1357,Shine (1996),548
3685,Prizzi's Honor (1985),545
45,To Die For (1995),544
3479,Ladyhawke (1985),542
3300,Pitch Black (2000),542
3614,Honeymoon in Vegas (1992),542
2133,Adventures in Babysitting (1987),541
1284,"Big Sleep, The (1946)",541
62,Mr. Holland's Opus (1995),541
1779,Sphere (1998),541
163,Desperado (1995),540
2046,Flight of the Navigator (1986),536
3745,Titan A.E. (2000),535
3524,Arthur (1981),534
3438,Teenage Mutant Ninja Turtles (1990),534
435,Coneheads (1993),533
2598,Pushing Tin (1999),533
1958,Terms of Endearment (1983),530
552,"Three Musketeers, The (1993)",529
1042,That Thing You Do! (1996),528
1911,Doctor Dolittle (1998),527
661,James and the Giant Peach (1996),525
1032,Alice in Wonderland (1951),525
3020,Falling Down (1993),524
2384,Babe: Pig in the City (1998),523
2951,"Fistful of Dollars, A (1964)",522
3095,"Grapes of Wrath, The (1940)",521
3359,Breaking Away (1979),520
3157,Stuart Little (1999),520
1945,On the Waterfront (1954),519
342,Muriel's Wedding (1994),518
2863,"Hard Day's Night, A (1964)",518
3087,Scrooged (1988),516
2423,Christmas Vacation (1989),515
350,"Client, The (1994)",515
1248,Touch of Evil (1958),514
2245,Working Girl (1988),514
2428,"Faculty, The (1998)",513
3264,Buffy the Vampire Slayer (1992),512
2096,Sleeping Beauty (1959),511
849,Escape from L.A. (1996),511
2642,Superman III (1983),511
2134,Weird Science (1985),510
3178,"Hurricane, The (1999)",509
1635,"Ice Storm, The (1997)",507
1956,Ordinary People (1980),507
1982,Halloween (1978),506
2469,Peggy Sue Got Married (1986),506
3534,28 Days (2000),505
2917,Body Heat (1981),504
3701,Alien Nation (1988),504
3654,"Guns of Navarone, The (1961)",502
58,"Postino, Il (The Postman) (1994)",501
838,Emma (1996),501
485,Last Action Hero (1993),500
1882,Godzilla (1998),499
1476,Private Parts (1997),499
1590,Event Horizon (1997),498
596,Pinocchio (1940),498
2137,Charlotte's Web (1973),497
3203,Dead Calm (1989),497
3317,Wonder Boys (2000),496
2126,Snake Eyes (1998),495
3735,Serpico (1973),495
1834,"Spanish Prisoner, The (1997)",493
2420,"Karate Kid, The (1984)",493
2986,Robocop 2 (1990),493
1589,Cop Land (1997),492
162,Crumb (1994),491
1907,Mulan (1998),490
3536,Keeping the Faith (2000),489
2841,Stir of Echoes (1999),487
3635,"Spy Who Loved Me, The (1977)",487
3168,Easy Rider (1969),485
628,Primal Fear (1996),485
3267,"Mariachi, El (1992)",483
1104,"Streetcar Named Desire, A (1951)",483
3173,Any Given Sunday (1999),483
2186,Strangers on a Train (1951),482
1441,Benny & Joon (1993),481
3260,Howards End (1992),480
2454,"Fly, The (1958)",480
1212,"Third Man, The (1949)",480
1059,William Shakespeare's Romeo and Juliet (1996),479
2065,"Purple Rose of Cairo, The (1985)",479
562,Welcome to the Dollhouse (1995),478
3827,Space Cowboys (2000),478
3,Grumpier Old Men (1995),478
2421,"Karate Kid, Part II, The (1986)",477
3269,Forever Young (1992),477
247,Heavenly Creatures (1994),477
2719,"Haunting, The (1999)",476
524,Rudy (1993),476
1591,Spawn (1997),475
3441,Red Dawn (1984),475
1405,Beavis and Butt-head Do America (1996),475
2463,Ruthless People (1986),475
3246,Malcolm X (1992),475
1644,I Know What You Did Last Summer (1997),475
2912,"Limey, The (1999)",474
1678,"Joy Luck Club, The (1993)",474
1041,Secrets & Lies (1996),474
2431,Patch Adams (1998),474
1223,"Grand Day Out, A (1992)",473
1257,Better Off Dead... (1985),472
1694,"Apostle, The (1997)",471
1894,Six Days Seven Nights (1998),471
2088,Popeye (1980),471
922,Sunset Blvd. (a.k.a. Sunset Boulevard) (1950),470
2311,2010 (1984),470
345,"Adventures of Priscilla, Queen of the Desert, The (1994)",469
1566,Hercules (1997),469
2734,"Mosquito Coast, The (1986)",466
1680,Sliding Doors (1998),464
2533,Escape from the Planet of the Apes (1971),463
3798,What Lies Beneath (2000),463
410,Addams Family Values (1993),463
1449,Waiting for Guffman (1996),462
3639,"Man with the Golden Gun, The (1974)",461
3334,Key Largo (1948),461
1385,Under Siege (1992),461
2973,Crimes and Misdemeanors (1989),460
786,Eraser (1996),460
2735,"Golden Child, The (1986)",459
3409,Final Destination (2000),459
172,Johnny Mnemonic (1995),458
7,Sabrina (1995),458
2313,"Elephant Man, The (1980)",457
1120,"People vs. Larry Flynt, The (1996)",456
671,Mystery Science Theater 3000: The Movie (1996),456
348,Bullets Over Broadway (1994),455
1717,Scream 2 (1997),455
3512,Return to Me (2000),454
1254,"Treasure of the Sierra Madre, The (1948)",453
3159,Fantasia 2000 (1999),453
1185,My Left Foot (1989),453
3730,"Conversation, The (1974)",453
1274,Akira (1988),452
1955,Kramer Vs. Kramer (1979),452
1049,"Ghost and the Darkness, The (1996)",451
2788,And Now for Something Completely Different (1971),451
180,Mallrats (1995),451
1347,"Nightmare on Elm Street, A (1984)",451
515,"Remains of the Day, The (1993)",450
2739,"Color Purple, The (1985)",450
3468,"Hustler, The (1961)",450
994,Big Night (1996),450
1792,U.S. Marshalls (1998),448
3706,Angel Heart (1987),448
2805,Mickey Blue Eyes (1999),448
3016,Creepshow (1982),447
3219,Pacific Heights (1990),447
3358,Defending Your Life (1991),446
930,Notorious (1946),445
2926,Hairspray (1988),445
2409,Rocky II (1979),445
2413,Clue (1985),443
3545,Cabaret (1972),443
933,To Catch a Thief (1955),443
1297,Real Genius (1985),442
2687,Tarzan (1999),442
647,Courage Under Fire (1996),441
2253,Toys (1992),440
720,Wallace & Gromit: The Best of Aardman Animation (1996),438
2116,"Lord of the Rings, The (1978)",438
3274,Single White Female (1992),438
3916,Remember the Titans (2000),437
379,Timecop (1994),436
3791,Footloose (1984),435
1081,Victor/Victoria (1982),434
2450,Howard the Duck (1986),434
1047,"Long Kiss Goodnight, The (1996)",434
144,"Brothers McMullen, The (1995)",433
3254,Wayne's World 2 (1993),433
52,Mighty Aphrodite (1995),431
3869,"Naked Gun 2 1/2: The Smell of Fear, The (1991)",431
3186,"Girl, Interrupted (1999)",431
2759,Dick (1999),430
3261,Singles (1992),429
2966,"Straight Story, The (1999)",429
1614,In & Out (1997),428
372,Reality Bites (1994),428
802,Phenomenon (1996),427
1224,Henry V (1989),426
2728,Spartacus (1960),426
916,Roman Holiday (1953),425
2989,For Your Eyes Only (1981),425
3285,"Beach, The (2000)",423
2009,Soylent Green (1973),422
2991,Live and Let Die (1973),422
2713,Lake Placid (1999),421
3035,Mister Roberts (1955),421
3744,Shaft (2000),421
1100,Days of Thunder (1990),420
3513,Rules of Engagement (2000),420
2335,"Waterboy, The (1998)",420
3617,Road Trip (2000),419
2840,Stigmata (1999),419
585,"Brady Bunch Movie, The (1995)",418
2375,"Money Pit, The (1986)",418
303,"Quick and the Dead, The (1995)",418
909,"Apartment, The (1960)",417
748,"Arrival, The (1996)",417
3019,Drugstore Cowboy (1989),416
2125,Ever After: A Cinderella Story (1998),416
724,"Craft, The (1996)",416
494,Executive Decision (1996),416
1171,Bob Roberts (1992),415
2622,"Midsummer Night's Dream, A (1999)",415
2471,Crocodile Dundee II (1988),414
2378,Police Academy (1984),413
955,Bringing Up Baby (1938),413
3686,Flatliners (1990),413
370,Naked Gun 33 1/3: The Final Insult (1994),412
333,Tommy Boy (1995),410
2600,eXistenZ (1999),410
2485,She's All That (1999),410
1350,"Omen, The (1976)",409
3844,Steel Magnolias (1989),408
1135,Private Benjamin (1980),407
2648,Frankenstein (1931),406
3826,Hollow Man (2000),405
1124,On Golden Pond (1981),405
2993,Thunderball (1965),404
2141,"American Tail, An (1986)",404
29,"City of Lost Children, The (1995)",403
926,All About Eve (1950),403
3259,Far and Away (1992),403
1283,High Noon (1952),403
1103,Rebel Without a Cause (1955),402
2402,Rambo: First Blood Part II (1985),401
1892,"Perfect Murder, A (1998)",401
2410,Rocky III (1982),401
3551,Marathon Man (1976),400
1499,Anaconda (1997),399
2857,Yellow Submarine (1968),399
3185,Snow Falling on Cedars (1999),398
2403,First Blood (1982),397
951,His Girl Friday (1940),397
1616,"Peacemaker, The (1997)",395
2702,Summer of Sam (1999),395
1620,Kiss the Girls (1997),395
3083,All About My Mother (Todo Sobre Mi Madre) (1999),394
3196,Stalag 17 (1953),394
432,City Slickers II: The Legend of Curly's Gold (1994),392
1020,Cool Runnings (1993),392
1409,Michael (1996),392
2919,Year of Living Dangerously (1982),391
2672,"Thirteenth Floor, The (1999)",391
1801,"Man in the Iron Mask, The (1998)",391
2690,"Ideal Husband, An (1999)",390
783,"Hunchback of Notre Dame, The (1996)",390
19,Ace Ventura: When Nature Calls (1995),389
3507,"Odd Couple, The (1968)",389
532,Serial Mom (1994),389
1754,Fallen (1998),388
2010,Metropolis (1926),388
3952,"Contender, The (2000)",388
1888,Hope Floats (1998),387
105,"Bridges of Madison County, The (1995)",387
1298,Pink Floyd - The Wall (1982),387
928,Rebecca (1940),386
2334,"Siege, The (1998)",386
674,Barbarella (1968),386
224,Don Juan DeMarco (1995),386
784,"Cable Guy, The (1996)",385
2794,European Vacation (1985),385
1125,"Return of the Pink Panther, The (1974)",385
2990,Licence to Kill (1989),385
2718,Drop Dead Gorgeous (1999),383
272,"Madness of King George, The (1994)",383
3156,Bicentennial Man (1999),383
954,Mr. Smith Goes to Washington (1939),383
517,Rising Sun (1993),382
48,Pocahontas (1995),382
1411,Hamlet (1996),382
2053,"Honey, I Blew Up the Kid (1992)",381
1719,"Sweet Hereafter, The (1997)",381
2015,"Absent Minded Professor, The (1961)",380
3705,Bird on a Wire (1990),380
1459,Absolute Power (1997),380
2398,Miracle on 34th Street (1947),380
164,Devil in a Blue Dress (1995),379
2414,Young Sherlock Holmes (1985),379
1086,Dial M for Murder (1954),379
3068,"Verdict, The (1982)",379
940,"Adventures of Robin Hood, The (1938)",378
22,Copycat (1995),378
3836,Kelly's Heroes (1970),375
2411,Rocky IV (1985),375
2808,Universal Soldier (1992),375
2468,Jumpin' Jack Flash (1986),374
905,It Happened One Night (1934),374
520,Robin Hood: Men in Tights (1993),374
1061,Sleepers (1996),374
1301,Forbidden Planet (1956),373
2720,Inspector Gadget (1999),373
1091,Weekend at Bernie's (1989),373
1914,Smoke Signals (1998),372
2004,Gremlins 2: The New Batch (1990),372
2565,"King and I, The (1956)",372
1078,Bananas (1971),372
2301,History of the World: Part I (1981),371
1388,Jaws 2 (1978),370
1379,Young Guns II (1990),369
431,Carlito's Way (1993),369
2139,"Secret of NIMH, The (1982)",369
3618,Small Time Crooks (2000),369
1175,Delicatessen (1991),368
2110,Dead Men Don't Wear Plaid (1982),367
1556,Speed 2: Cruise Control (1997),367
252,I.Q. (1994),367
3250,Alive (1993),366
1835,City of Angels (1998),366
3712,Soapdish (1991),365
3508,"Outlaw Josey Wales, The (1976)",365
2530,Beneath the Planet of the Apes (1970),365
915,Sabrina (1954),365
2247,Married to the Mob (1988),365
1367,101 Dalmatians (1996),364
1944,From Here to Eternity (1953),364
1920,Small Soldiers (1998),364
2118,"Dead Zone, The (1983)",363
1277,Cyrano de Bergerac (1990),363
168,First Knight (1995),362
2942,Flashdance (1983),362
145,Bad Boys (1995),362
1619,Seven Years in Tibet (1997),362
2082,"Mighty Ducks, The (1992)",361
1344,Cape Fear (1962),361
3525,Bachelor Party (1984),360
3811,Breaker Morant (1980),360
2496,Blast from the Past (1999),360
3201,Five Easy Pieces (1970),359
1245,Miller's Crossing (1990),358
3684,"Fabulous Baker Boys, The (1989)",358
3397,"Great Muppet Caper, The (1981)",358
2532,Conquest of the Planet of the Apes (1972),358
327,Tank Girl (1995),358
60,"Indian in the Cupboard, The (1995)",357
1217,Ran (1985),357
2747,"Little Shop of Horrors, The (1960)",356
3088,Harvey (1950),356
3668,Romeo and Juliet (1968),356
2297,What Dreams May Come (1998),355
3505,No Way Out (1987),355
2143,Legend (1985),355
1327,"Amityville Horror, The (1979)",355
216,Billy Madison (1995),355
3152,"Last Picture Show, The (1971)",354
2416,Back to School (1986),354
1916,Buffalo 66 (1998),354
1518,Breakdown (1997),354
2861,For Love of the Game (1999),354
1810,Primary Colors (1998),353
3067,Women on the Verge of a Nervous Breakdown (1988),353
3461,Lord of the Flies (1963),353
3633,On Her Majesty's Secret Service (1969),353
2146,St. Elmo's Fire (1985),352
3062,"Longest Day, The (1962)",352
420,Beverly Hills Cop III (1994),352
1693,Amistad (1997),351
1238,Local Hero (1983),351
468,"Englishman Who Went Up a Hill, But Came Down a Mountain, The (1995)",350
1537,Shall We Dance? (Shall We Dansu?) (1996),350
546,Super Mario Bros. (1993),350
376,"River Wild, The (1994)",350
3451,Guess Who's Coming to Dinner (1967),350
230,Dolores Claiborne (1994),349
1950,In the Heat of the Night (1967),348
3927,Fantastic Voyage (1966),348
1603,Mimic (1997),348
2950,"Blue Lagoon, The (1980)",346
2112,Grand Canyon (1991),346
232,Eat Drink Man Woman (1994),346
2803,"Pelican Brief, The (1993)",346
514,"Ref, The (1994)",346
3000,"Princess Mononoke, The (Mononoke Hime) (1997)",345
2779,Heaven Can Wait (1978),345
2231,Rounders (1998),345
3615,Dinosaur (2000),345
805,"Time to Kill, A (1996)",344
1096,Sophie's Choice (1982),344
1027,Robin Hood: Prince of Thieves (1991),344
2340,Meet Joe Black (1998),344
900,"American in Paris, An (1951)",343
2474,"Color of Money, The (1986)",343
3034,Robin Hood (1973),343
3593,Battlefield Earth (2000),342
3398,"Muppets Take Manhattan, The (1984)",341
3053,"Messenger: The Story of Joan of Arc, The (1999)",341
2953,Home Alone 2: Lost in New York (1992),341
2995,"House on Haunted Hill, The (1999)",341
3249,"Hand That Rocks the Cradle, The (1992)",340
3258,Death Becomes Her (1992),339
3688,Porky's (1981),339
531,"Secret Garden, The (1993)",338
799,"Frighteners, The (1996)",338
1334,"Blob, The (1958)",338
3770,Dreamscape (1984),338
1687,"Jackal, The (1997)",337
492,Manhattan Murder Mystery (1993),335
306,Three Colors: Red (1994),334
3155,Anna and the King (1999),333
2643,Superman IV: The Quest for Peace (1987),332
3452,Romeo Must Die (2000),331
2312,Children of a Lesser God (1986),331
1300,My Life as a Dog (Mitt liv som hund) (1985),330
2901,Phantasm (1979),330
2390,Little Voice (1998),330
222,Circle of Friends (1995),329
2827,"Astronaut's Wife, The (1999)",328
3271,Of Mice and Men (1992),328
3556,"Virgin Suicides, The (1999)",328
3265,Hard-Boiled (Lashou shentan) (1992),327
3071,Stand and Deliver (1987),327
2262,About Last Night... (1986),326
236,French Kiss (1995),326
2376,"View to a Kill, A (1985)",325
3681,For a Few Dollars More (1965),325
2303,Nashville (1975),325
3198,Papillon (1973),325
1243,Rosencrantz and Guildenstern Are Dead (1990),325
2467,"Name of the Rose, The (1986)",324
880,"Island of Dr. Moreau, The (1996)",324
1030,Pete's Dragon (1977),323
3244,"Goodbye Girl, The (1977)",322
1672,"Rainmaker, The (1997)",321
1438,Dante's Peak (1997),321
3528,"Prince of Tides, The (1991)",321
170,Hackers (1995),321
2318,Happiness (1998),320
3494,True Grit (1969),320
2819,Three Days of the Condor (1975),319
69,Friday (1995),319
1769,"Replacement Killers, The (1998)",319
1031,Bedknobs and Broomsticks (1971),319
125,Flirting With Disaster (1996),318
2971,All That Jazz (1979),317
1974,Friday the 13th (1980),317
2921,High Plains Drifter (1972),317
1126,Drop Dead Fred (1991),317
1268,Pump Up the Volume (1990),317
2282,Pecker (1998),316
3040,Meatballs (1979),315
538,Six Degrees of Separation (1993),315
3328,Ghost Dog: The Way of the Samurai (1999),314
741,Ghost in the Shell (Kokaku kidotai) (1995),314
2531,Battle for the Planet of the Apes (1973),312
2111,"Man with Two Brains, The (1983)",312
475,In the Name of the Father (1993),312
2401,Pale Rider (1985),312
44,Mortal Kombat (1995),311
1303,"Man Who Would Be King, The (1975)",310
2367,King Kong (1976),309
507,"Perfect World, A (1993)",308
1260,M (1931),308
3146,Deuce Bigalow: Male Gigolo (1999),308
1594,In the Company of Men (1997),307
2802,Tequila Sunrise (1988),306
678,Some Folks Call It a Sling Blade (1993),306
2867,Fright Night (1985),306
1895,Can't Hardly Wait (1998),306
3841,Air America (1990),306
911,Charade (1963),306
3760,"Kentucky Fried Movie, The (1977)",305
2513,Pet Sematary (1989),305
2138,Watership Down (1978),305
3871,Shane (1953),305
3462,Modern Times (1936),305
3566,"Big Kahuna, The (2000)",304
2130,Atlantic City (1980),304
3949,Requiem for a Dream (2000),304
3163,Topsy-Turvy (1999),304
934,Father of the Bride (1950),304
2348,Sid and Nancy (1986),304
3802,Freejack (1992),304
1688,Anastasia (1997),304
1381,Grease 2 (1982),303
2072,"'burbs, The (1989)",303
921,My Favorite Year (1982),302
3484,"Skulls, The (2000)",302
1702,Flubber (1997),302
2567,EDtv (1999),302
1964,Klute (1971),302
2404,Rambo III (1988),301
1845,Zero Effect (1998),301
535,Short Cuts (1993),301
2363,Godzilla (Gojira) (1954),301
1012,Old Yeller (1957),301
3189,My Dog Skip (1999),300
314,"Secret of Roan Inish, The (1994)",300
2346,"Stepford Wives, The (1975)",300
2476,Heartbreak Ridge (1986),300
737,Barb Wire (1996),300
1237,"Seventh Seal, The (Sjunde inseglet, Det) (1957)",299
493,Menace II Society (1993),298
3355,"Ninth Gate, The (2000)",298
3388,Harry and the Hendersons (1987),298
1884,Fear and Loathing in Las Vegas (1998),298
762,Striptease (1996),298
2132,Who's Afraid of Virginia Woolf? (1966),297
1429,Jackie Chan's First Strike (1996),297
5,Father of the Bride Part II (1995),296
3007,American Movie (1999),295
830,"First Wives Club, The (1996)",295
412,"Age of Innocence, The (1993)",295
1395,Tin Men (1987),295
3498,Midnight Express (1978),295
3649,American Gigolo (1980),295
2034,"Black Hole, The (1979)",295
2338,I Still Know What You Did Last Summer (1998),295
3308,"Flamingo Kid, The (1984)",294
2518,Night Shift (1982),294
481,Kalifornia (1993),294
1025,"Sword in the Stone, The (1963)",293
3243,Encino Man (1992),293
942,Laura (1944),292
950,"Thin Man, The (1934)",292
1009,Escape to Witch Mountain (1975),291
2875,Sommersby (1993),291
2946,Help! (1965),291
2322,Soldier (1998),290
3733,"Paper Chase, The (1973)",289
3316,Reindeer Games (2000),289
1588,George of the Jungle (1997),289
1488,"Devil's Own, The (1997)",288
2153,"Avengers, The (1998)",288
3129,Sweet and Lowdown (1999),288
1033,"Fox and the Hound, The (1981)",287
2889,"Mystery, Alaska (1999)",287
534,Shadowlands (1993),286
2422,"Karate Kid III, The (1989)",286
999,2 Days in the Valley (1996),286
3812,Everything You Always Wanted to Know About Sex (1972),285
261,Little Women (1994),285
2750,Radio Days (1987),285
1286,Somewhere in Time (1980),285
455,Free Willy (1993),285
2456,"Fly II, The (1989)",284
1701,Deconstructing Harry (1997),284
3576,"Hidden, The (1987)",284
1416,Evita (1996),282
1422,Murder at 1600 (1997),281
2613,Night of the Comet (1984),281
2941,South Pacific (1958),280
3873,Cat Ballou (1965),280
2287,Them! (1954),280
2764,"Thomas Crown Affair, The (1968)",280
2961,"Story of Us, The (1999)",280
3917,Hellraiser (1987),279
3467,Hud (1963),279
2117,Nineteen Eighty-Four (1984),278
616,"Aristocats, The (1970)",278
3565,Where the Heart Is (2000),277
1280,Raise the Red Lantern (1991),277
1147,When We Were Kings (1996),277
2883,Mumford (1999),277
3384,"Taking of Pelham One Two Three, The (1974)",276
2093,Return to Oz (1985),276
1017,Swiss Family Robinson (1960),276
3251,Agnes of God (1985),276
3629,"Gold Rush, The (1925)",275
707,Mulholland Falls (1996),275
3061,Holiday Inn (1942),275
3548,Auntie Mame (1958),274
2412,Rocky V (1990),274
1057,Everyone Says I Love You (1996),274
1969,"Nightmare on Elm Street Part 2: Freddy's Revenge, A (1985)",274
3429,Creature Comforts (1990),274
319,Shallow Grave (1994),273
3099,Shampoo (1975),273
2668,Swamp Thing (1982),273
2517,Christine (1983),273
861,Supercop (1992),273
2505,8MM (1999),272
382,Wolf (1994),272
3675,White Christmas (1954),271
3307,City Lights (1931),271
2815,Iron Eagle (1986),271
971,Cat on a Hot Tin Roof (1958),271
3477,Empire Records (1995),271
383,Wyatt Earp (1994),270
952,Around the World in 80 Days (1956),269
1189,"Thin Blue Line, The (1988)",269
3723,Hamlet (1990),269
3501,Murphy's Romance (1985),269
426,Body Snatchers (1993),269
1927,All Quiet on the Western Front (1930),268
361,It Could Happen to You (1994),268
1970,"Nightmare on Elm Street 3: Dream Warriors, A (1987)",268
3469,Inherit the Wind (1960),268
2059,"Parent Trap, The (1998)",268
355,"Flintstones, The (1994)",267
3708,Firestarter (1984),267
2155,"Slums of Beverly Hills, The (1998)",267
1354,Breaking the Waves (1996),267
3238,Eye of the Beholder (1999),267
2524,"Towering Inferno, The (1974)",266
1457,Fools Rush In (1997),266
2447,Varsity Blues (1999),266
2676,Instinct (1999),266
3478,"Bamba, La (1987)",266
1633,Ulee's Gold (1997),266
1295,"Unbearable Lightness of Being, The (1988)",266
2793,"American Werewolf in Paris, An (1997)",265
3366,Where Eagles Dare (1969),265
1643,"Mrs. Brown (Her Majesty, Mrs. Brown) (1997)",265
1480,Smilla's Sense of Snow (1997),265
2070,Tender Mercies (1983),264
1833,Mercury Rising (1998),264
599,"Wild Bunch, The (1969)",264
663,Kids in the Hall: Brain Candy (1996),264
3208,Loaded Weapon 1 (1993),264
2389,Psycho (1998),264
1735,Great Expectations (1998),263
2822,Medicine Man (1992),263
428,"Bronx Tale, A (1993)",263
1342,Candyman (1992),262
2083,"Muppet Christmas Carol, The (1992)",262
249,Immortal Beloved (1994),261
3549,Guys and Dolls (1955),260
2188,54 (1998),259
3145,"Cradle Will Rock, The (1999)",259
1873,"Misérables, Les (1998)",259
158,Casper (1995),259
2457,Running Scared (1986),259
2408,Cocoon: The Return (1988),259
3153,"7th Voyage of Sinbad, The (1958)",258
373,Red Rock West (1992),258
1013,"Parent Trap, The (1961)",258
237,Forget Paris (1995),257
351,"Corrina, Corrina (1994)",257
1264,Diva (1981),257
107,Muppet Treasure Island (1996),256
2114,"Outsiders, The (1983)",256
996,Last Man Standing (1996),256
225,Disclosure (1994),254
446,Farewell My Concubine (1993),254
2022,"Last Temptation of Christ, The (1988)",254
965,"39 Steps, The (1935)",253
101,Bottle Rocket (1996),253
3169,"Falcon and the Snowman, The (1984)",253
1963,Take the Money and Run (1969),252
3004,"Bachelor, The (1999)",252
3089,"Bicycle Thief, The (Ladri di biciclette) (1948)",252
1689,"Man Who Knew Too Little, The (1997)",252
3439,Teenage Mutant Ninja Turtles II: The Secret of the Ooze (1991),251
945,Top Hat (1935),251
3197,"Presidio, The (1988)",251
366,Wes Craven's New Nightmare (1994),251
2906,Random Hearts (1999),250
1627,U Turn (1997),250
2090,"Rescuers, The (1977)",249
1924,Plan 9 from Outer Space (1958),249
3821,Nutty Professor II: The Klumps (2000),248
516,Renaissance Man (1994),248
3018,Re-Animator (1985),248
2459,"Texas Chainsaw Massacre, The (1974)",247
1021,Angels in the Outfield (1994),247
3700,"Brother from Another Planet, The (1984)",246
2772,Detroit Rock City (1999),246
3788,Blowup (1966),246
2121,Cujo (1983),245
3365,"Searchers, The (1956)",245
3819,Tampopo (1986),245
413,Airheads (1994),245
3764,F/X 2 (1992),245
1218,"Killer, The (Die xue shuang xiong) (1989)",244
273,Mary Shelley's Frankenstein (1994),244
3102,Jagged Edge (1985),244
2374,Gung Ho (1986),244
307,Three Colors: Blue (1993),243
1971,"Nightmare on Elm Street 4: The Dream Master, A (1988)",242
41,Richard III (1995),242
2120,Needful Things (1993),242
1010,"Love Bug, The (1969)",242
1211,Wings of Desire (Der Himmel über Berlin) (1987),242
1227,Once Upon a Time in America (1984),241
2922,Hang 'em High (1967),241
3741,Badlands (1973),241
3861,"Replacements, The (2000)",241
1541,Addicted to Love (1997),240
2796,Funny Farm (1988),240
719,Multiplicity (1996),239
2859,Stop Making Sense (1984),239
1991,Child's Play (1988),239
2249,My Blue Heaven (1990),239
362,"Jungle Book, The (1994)",239
2089,"Rescuers Down Under, The (1990)",239
2240,My Bodyguard (1980),238
1348,"Nosferatu (Nosferatu, eine Symphonie des Grauens) (1922)",238
1542,Brassed Off (1996),238
2644,Dracula (1931),238
2135,Doctor Dolittle (1967),238
2372,Fletch Lives (1989),238
836,Chain Reaction (1996),237
879,"Relic, The (1997)",237
3707,Nine 1/2 Weeks (1986),237
86,White Squall (1996),236
1939,"Best Years of Our Lives, The (1946)",236
1611,My Own Private Idaho (1991),236
2316,Practical Magic (1998),236
233,Exotica (1994),235
2558,Forces of Nature (1999),235
2583,Cookie's Fortune (1999),235
3783,Croupier (1998),235
1015,Homeward Bound: The Incredible Journey (1993),234
3742,"Battleship Potemkin, The (Bronenosets Potyomkin) (1925)",234
3882,Bring It On (2000),234
2203,Shadow of a Doubt (1943),233
281,Nobody's Fool (1994),233
2232,Cube (1997),233
2122,Children of the Corn (1984),233
804,She's the One (1996),233
1007,"Apple Dumpling Gang, The (1975)",232
2709,Muppets From Space (1999),232
1431,Beverly Hills Ninja (1997),232
3213,Batman: Mask of the Phantasm (1993),232
3932,"Invisible Man, The (1933)",232
986,Fly Away Home (1996),232
1713,Mouse Hunt (1997),231
1205,"Transformers: The Movie, The (1986)",231
2147,"Clan of the Cave Bear, The (1986)",231
1130,"Howling, The (1980)",231
1772,Blues Brothers 2000 (1998),230
2677,Buena Vista Social Club (1999),230
1290,Some Kind of Wonderful (1987),230
1178,Paths of Glory (1957),230
89,Nick of Time (1995),229
2745,"Mission, The (1986)",229
450,With Honors (1994),228
1251,8 1/2 (1963),228
448,Fearless (1993),228
276,Milk Money (1994),228
1615,"Edge, The (1997)",227
3516,"Bell, Book and Candle (1958)",227
1762,Deep Rising (1998),227
605,One Fine Day (1996),226
2279,Urban Legend (1998),226
1226,"Quiet Man, The (1952)",226
2736,Brighton Beach Memoirs (1986),225
1931,Mutiny on the Bounty (1935),225
2379,Police Academy 2: Their First Assignment (1985),225
3179,Angela's Ashes (1999),225
3032,"Omega Man, The (1971)",224
2693,Trekkies (1997),224
73,"Misérables, Les (1995)",224
2399,Santa Claus: The Movie (1985),223
3930,"Creature From the Black Lagoon, The (1954)",223
3546,What Ever Happened to Baby Jane? (1962),223
3342,Birdy (1984),223
3729,Shaft (1971),222
3444,Bloodsport (1988),222
3074,Jeremiah Johnson (1972),222
1359,Jingle All the Way (1996),222
2136,"Nutty Professor, The (1963)",222
42,Dead Presidents (1995),221
2099,Song of the South (1946),221
338,Virtuosity (1995),221
423,Blown Away (1994),221
1023,Winnie the Pooh and the Blustery Day (1968),221
2025,Lolita (1997),221
3430,Death Wish (1974),220
1132,Manon of the Spring (Manon des sources) (1986),220
175,Kids (1995),220
1783,Palmetto (1998),220
2670,"Run Silent, Run Deep (1958)",220
3194,"Way We Were, The (1973)",220
3404,Titanic (1953),219
1392,Citizen Ruth (1996),219
3814,Love and Death (1975),219
3466,Heart and Souls (1993),219
1949,"Man for All Seasons, A (1966)",219
207,"Walk in the Clouds, A (1995)",219
2159,Henry: Portrait of a Serial Killer (1990),219
2553,Village of the Damned (1960),219
1683,"Wings of the Dove, The (1997)",218
837,Matilda (1996),218
256,Junior (1994),218
2269,Indecent Proposal (1993),217
728,Cold Comfort Farm (1995),217
193,Showgirls (1995),217
2387,Very Bad Things (1998),217
611,Hellraiser: Bloodline (1996),216
464,Hard Target (1993),216
1461,Vegas Vacation (1997),216
1131,Jean de Florette (1986),216
1281,"Great Dictator, The (1940)",216
1340,Bride of Frankenstein (1935),216
3030,Yojimbo (1961),215
1973,Freddy's Dead: The Final Nightmare (1991),215
2357,Central Station (Central do Brasil) (1998),215
2929,Reds (1981),215
3426,Jungle Fever (1991),215
2123,All Dogs Go to Heaven (1989),215
949,East of Eden (1955),215
282,Nell (1994),215
2568,"Mod Squad, The (1999)",214
2202,Lifeboat (1944),213
2907,Superstar (1999),213
1799,Suicide Kings (1997),213
1951,Oliver! (1968),213
3111,Places in the Heart (1984),213
2097,Something Wicked This Way Comes (1983),213
194,Smoke (1995),213
688,Operation Dumbo Drop (1995),213
371,"Paper, The (1994)",212
280,Murder in the First (1995),212
491,"Man Without a Face, The (1993)",212
1194,Up in Smoke (1978),212
3347,Never Cry Wolf (1983),212
1821,"Object of My Affection, The (1998)",211
2877,Tommy (1975),211
186,Nine Months (1995),211
381,When a Man Loves a Woman (1994),211
3394,Blind Date (1987),210
3422,She's Gotta Have It (1986),210
3682,Magnum Force (1973),210
1727,"Horse Whisperer, The (1998)",210
1389,Jaws 3-D (1983),210
1191,Madonna: Truth or Dare (1991),209
322,Swimming with Sharks (1995),209
1064,Aladdin and the King of Thieves (1996),209
417,Barcelona (1994),208
3852,"Tao of Steve, The (2000)",208
3093,McCabe & Mrs. Miller (1971),208
2606,Idle Hands (1999),207
537,Sirens (1994),207
542,Son in Law (1993),206
3928,Abbott and Costello Meet Frankenstein (1948),206
931,Spellbound (1945),206
1752,Hard Rain (1998),206
3754,"Adventures of Rocky and Bullwinkle, The (2000)",206
3097,"Shop Around the Corner, The (1940)",206
3022,"General, The (1927)",206
2163,Attack of the Killer Tomatoes! (1980),206
1946,Marty (1955),205
2392,Jack Frost (1998),205
176,Living in Oblivion (1995),205
798,Daylight (1996),204
3204,"Boys from Brazil, The (1978)",204
203,"To Wong Foo, Thanks for Everything! Julie Newmar (1995)",203
3296,To Sir with Love (1967),203
405,Highlander III: The Sorcerer (1994),203
204,Under Siege 2: Dark Territory (1995),203
533,"Shadow, The (1994)",203
2236,Simon Birch (1998),202
308,Three Colors: White (1994),202
3248,Sister Act 2: Back in the Habit (1993),202
519,Robocop 3 (1993),202
3825,Coyote Ugly (2000),201
2729,Lolita (1962),201
2344,Runaway Train (1985),201
1734,My Life in Pink (Ma vie en rose) (1997),201
2142,"American Tail: Fievel Goes West, An (1991)",201
2259,Blame It on Rio (1984),201
2033,"Black Cauldron, The (1985)",200
1972,"Nightmare on Elm Street 5: The Dream Child, A (1989)",200
3910,Dancer in the Dark (2000),200
3270,"Cutting Edge, The (1992)",200
3125,"End of the Affair, The (1999)",200
1665,Bean (1997),200
2866,"Buddy Holly Story, The (1978)",199
3519,Force 10 from Navarone (1978),199
2208,"Lady Vanishes, The (1938)",199
1976,Friday the 13th Part 3: 3D (1982),199
3420,...And Justice for All (1979),199
3801,Anatomy of a Murder (1959),199
3676,Eraserhead (1977),199
2107,Halloween: H20 (1998),199
2806,Teaching Mrs. Tingle (1999),199
2574,"Out-of-Towners, The (1999)",199
1862,Species II (1998),198
2439,Affliction (1997),198
2038,"Cat from Outer Space, The (1978)",198
1966,Metropolitan (1990),198
1948,Tom Jones (1963),198
1173,"Cook the Thief His Wife & Her Lover, The (1989)",198
1753,Half Baked (1998),198
2102,Steamboat Willie (1940),197
2171,"Next Stop, Wonderland (1998)",196
2380,Police Academy 3: Back in Training (1986),196
477,What's Love Got to Do with It? (1993),195
1983,Halloween II (1981),195
218,Boys on the Side (1995),195
2266,"Butcher's Wife, The (1991)",195
3135,"Great Santini, The (1979)",195
3724,Coming Home (1978),195
122,Boomerang (1992),194
1648,"House of Yes, The (1997)",194
3066,Tora! Tora! Tora! (1970),194
85,Angels and Insects (1995),194
1279,Night on Earth (1991),194
1099,"Christmas Carol, A (1938)",194
2870,Barefoot in the Park (1967),193
2473,Soul Man (1986),193
407,In the Mouth of Madness (1995),193
2042,D2: The Mighty Ducks (1994),193
88,Black Sheep (1996),192
3515,Me Myself I (2000),192
3766,Missing in Action (1984),191
2176,Rope (1948),191
3324,Drowning Mona (2000),190
3769,Thunderbolt and Lightfoot (1974),190
1760,Spice World (1997),190
3029,Nighthawks (1981),190
188,"Prophecy, The (1995)",190
1866,"Big Hit, The (1998)",189
1649,"Fast, Cheap & Out of Control (1997)",189
2448,Virus (1999),189
1446,Kolya (1996),189
918,Meet Me in St. Louis (1944),189
932,"Affair to Remember, An (1957)",189
2615,My Science Project (1985),189
2551,Dead Ringers (1988),189
2373,Red Sonja (1985),189
818,"Very Brady Sequel, A (1996)",189
1353,"Mirror Has Two Faces, The (1996)",188
947,My Man Godfrey (1936),188
3440,Teenage Mutant Ninja Turtles III (1993),188
3521,Mystery Train (1989),188
938,Gigi (1958),187
906,Gaslight (1944),187
2731,"400 Blows, The (Les Quatre cents coups) (1959)",187
429,Cabin Boy (1994),187
157,Canadian Bacon (1994),187
2320,Apt Pupil (1998),187
2252,Hero (1992),186
2091,Return from Witch Mountain (1978),186
2952,"Hard 8 (a.k.a. Sydney, a.k.a. Hard Eight) (1996)",186
3831,Saving Grace (2000),186
2106,Swing Kids (1993),185
490,Malice (1993),185
3710,Action Jackson (1988),185
2752,Outrageous Fortune (1987),185
2891,"Happy, Texas (1999)",185
3786,But I'm a Cheerleader (1999),184
374,Richie Rich (1994),183
891,Halloween: The Curse of Michael Myers (1995),183
2060,BASEketball (1998),183
2052,Hocus Pocus (1993),183
2377,Lifeforce (1985),183
2550,"Haunting, The (1963)",183
94,Beautiful Girls (1996),182
1995,Poltergeist II: The Other Side (1986),182
3877,Supergirl (1984),182
3693,"Toxic Avenger, The (1985)",182
1289,Koyaanisqatsi (1983),182
3594,Center Stage (2000),182
1515,Volcano (1997),181
2504,200 Cigarettes (1999),181
147,"Basketball Diaries, The (1995)",181
1785,King of New York (1990),180
3326,What Planet Are You From? (2000),180
3926,Voyage to the Bottom of the Sea (1961),180
3646,Big Momma's House (2000),180
2014,Freaky Friday (1977),180
2429,Mighty Joe Young (1998),180
415,Another Stakeout (1993),179
2520,Airport (1970),179
512,Robert A. Heinlein's The Puppet Masters (1994),179
3896,"Way of the Gun, The (2000)",179
3598,Hamlet (2000),179
3268,Stop! Or My Mom Will Shoot (1992),179
2183,"Man Who Knew Too Much, The (1956)",179
1660,Eve's Bayou (1997),179
2331,Living Out Loud (1998),179
28,Persuasion (1995),179
76,Screamers (1995),178
3835,"Crush, The (1993)",178
504,No Escape (1994),178
550,Threesome (1994),178
2162,"NeverEnding Story II: The Next Chapter, The (1990)",177
3341,Born Yesterday (1950),177
3500,Mr. Saturday Night (1992),177
3090,Matewan (1987),177
1848,"Borrowers, The (1997)",177
3538,East is East (1999),176
2453,"Boy Who Could Fly, The (1986)",176
3834,Bronco Billy (1980),176
3299,Hanging Up (2000),176
482,Killing Zoe (1994),176
1730,Kundun (1997),176
574,Spanking the Monkey (1994),175
2263,"Seventh Sign, The (1988)",175
1066,Shall We Dance? (1937),175
2549,Wing Commander (1999),175
3412,"Bear, The (1988)",175
742,Thinner (1996),174
2381,Police Academy 4: Citizens on Patrol (1987),174
3036,Quest for Fire (1981),174
1346,Cat People (1982),174
901,Funny Face (1957),174
1209,Once Upon a Time in the West (1969),173
3387,Who's Harry Crumb? (1989),173
2328,Vampires (1998),173
262,"Little Princess, A (1995)",172
3200,"Last Detail, The (1973)",172
1858,Mr. Nice Guy (1997),172
1975,Friday the 13th Part 2 (1981),171
3773,House Party (1990),171
3272,Bad Lieutenant (1992),171
2560,Ravenous (1999),171
2071,And the Band Played On (1993),171
943,"Ghost and Mrs. Muir, The (1947)",171
765,Jack (1996),171
2771,Brokedown Palace (1999),171
991,Michael Collins (1996),170
2497,Message in a Bottle (1999),170
277,Miracle on 34th Street (1994),170
4,Waiting to Exhale (1995),170
1128,"Fog, The (1980)",170
1977,Friday the 13th: The Final Chapter (1984),169
1034,Freeway (1996),169
2546,"Deep End of the Ocean, The (1999)",169
540,Sliver (1993),169
3606,On the Town (1949),169
2730,Barry Lyndon (1975),169
1425,Fierce Creatures (1997),168
1414,Mother (1996),168
3177,Next Friday (1999),168
1806,Paulie (1998),168
290,Once Were Warriors (1994),168
239,"Goofy Movie, A (1995)",168
154,Belle de jour (1967),168
3483,"Road to El Dorado, The (2000)",168
2349,Mona Lisa (1986),167
3506,North Dallas Forty (1979),167
2206,Suspicion (1941),167
1797,Everest (1998),167
3918,Hellbound: Hellraiser II (1988),167
1913,Picnic at Hanging Rock (1975),167
2148,House (1986),166
81,Things to Do in Denver when You're Dead (1995),166
43,Restoration (1995),166
2846,"Adventures of Milo and Otis, The (1986)",166
427,Boxing Helena (1993),166
3167,Carnal Knowledge (1971),166
46,How to Make an American Quilt (1995),166
2789,Damien: Omen II (1978),165
3134,"Grand Illusion (Grande illusion, La) (1937)",165
3634,Seven Days in May (1964),165
3784,"Kid, The (2000)",165
195,Something to Talk About (1995),164
1875,Clockwatchers (1997),164
2852,"Soldier's Story, A (1984)",164
2879,Operation Condor (Feiying gaiwak) (1990),164
1083,"Great Race, The (1965)",164
2555,Baby Geniuses (1999),164
2902,Psycho II (1983),164
3181,Titus (1999),163
2836,Outside Providence (1999),163
3262,Twin Peaks: Fire Walk with Me (1992),163
2506,"Other Sister, The (1999)",163
2639,Mommie Dearest (1981),163
2092,"Return of Jafar, The (1993)",163
2017,Babes in Toyland (1961),162
1487,Selena (1997),162
2633,"Mummy, The (1932)",162
1401,Ghosts of Mississippi (1996),162
2787,Cat's Eye (1985),162
1593,Picture Perfect (1997),162
3024,Piranha (1978),161
2900,Monkey Shines (1988),161
3190,Supernova (2000),161
2026,Disturbing Behavior (1998),161
3051,Anywhere But Here (1999),161
2936,Sullivan's Travels (1942),161
332,Village of the Damned (1995),161
946,To Be or Not to Be (1942),161
2261,One Crazy Summer (1986),161
1840,He Got Game (1998),160
20,Money Train (1995),160
3325,"Next Best Thing, The (2000)",160
215,Before Sunrise (1995),160
3550,"Hunger, The (1983)",160
2442,Hilary and Jackie (1998),160
2798,Problem Child (1990),160
12,Dracula: Dead and Loving It (1995),160
2943,Indochine (1992),160
1361,Paradise Lost: The Child Murders at Robin Hood Hills (1996),159
2361,Pink Flamingos (1972),158
1150,"Return of Martin Guerre, The (Retour de Martin Guerre, Le) (1982)",158
2043,Darby O'Gill and the Little People (1959),158
289,Only You (1994),158
18,Four Rooms (1995),157
549,Thirty-Two Short Films About Glenn Gould (1993),157
3660,Puppet Master (1989),157
3392,She-Devil (1989),157
2829,"Muse, The (1999)",157
2540,"Corruptor, The (1999)",156
419,"Beverly Hillbillies, The (1993)",156
3789,"Pawnbroker, The (1965)",156
3672,Benji (1974),156
1016,"Shaggy Dog, The (1959)",156
1445,McHale's Navy (1997),156
848,"Spitfire Grill, The (1996)",156
3529,"Postman Always Rings Twice, The (1981)",155
502,"Next Karate Kid, The (1994)",155
1699,"Butcher Boy, The (1998)",155
3480,Lucas (1986),155
3078,Liberty Heights (1999),155
3266,Man Bites Dog (C'est arrivé près de chez vous) (1992),154
1707,Home Alone 3 (1997),154
1082,"Candidate, The (1972)",154
2077,"Journey of Natty Gann, The (1985)",154
714,Dead Man (1995),153
2525,Alligator (1980),153
315,"Specialist, The (1994)",153
14,Nixon (1995),153
438,"Cowboy Way, The (1994)",152
892,Twelfth Night (1996),152
511,"Program, The (1993)",152
3364,"Asphalt Jungle, The (1950)",151
1794,Love and Death on Long Island (1997),151
3771,"Golden Voyage of Sinbad, The (1974)",151
473,In the Army Now (1994),151
842,Tales from the Crypt Presents: Bordello of Blood (1996),151
2382,Police Academy 5: Assignment: Miami Beach (1988),150
330,Tales from the Hood (1995),149
3011,"They Shoot Horses, Don't They? (1969)",149
518,"Road to Wellville, The (1994)",149
2383,Police Academy 6: City Under Siege (1989),149
3653,"Endless Summer, The (1966)",149
3727,Near Dark (1987),148
2024,"Rapture, The (1991)",148
2816,Iron Eagle II (1988),148
3728,One False Move (1991),148
2732,Jules and Jim (Jules et Jim) (1961),148
1453,"Beautician and the Beast, The (1997)",148
3747,Jesus' Son (1999),148
3865,"Original Kings of Comedy, The (2000)",147
1177,Enchanted April (1991),147
2315,Bride of Chucky (1998),147
2119,Maximum Overdrive (1986),147
2184,"Trouble with Harry, The (1955)",147
234,Exit to Eden (1994),147
1187,Passion Fish (1992),147
3929,"Bank Dick, The (1940)",147
15,Cutthroat Island (1995),146
2432,Stepmom (1998),146
1273,Down by Law (1986),146
1050,Looking for Richard (1996),146
2385,Home Fries (1998),146
1474,Jungle2Jungle (a.k.a. Jungle 2 Jungle) (1997),146
2611,"Winslow Boy, The (1998)",146
700,Angus (1995),145
1464,Lost Highway (1997),145
1503,8 Heads in a Duffel Bag (1997),145
2935,"Lady Eve, The (1941)",145
2041,Condorman (1981),145
782,"Fan, The (1996)",145
3079,Mansfield Park (1999),145
2430,Mighty Joe Young (1949),144
3015,Coma (1978),144
2296,"Night at the Roxbury, A (1998)",144
2166,Return to Paradise (1998),144
3879,"Art of War, The (2000)",144
1468,Booty Call (1997),144
709,Oliver & Company (1988),144
3405,"Night to Remember, A (1958)",144
258,"Kid in King Arthur's Court, A (1995)",144
2629,"Love Letter, The (1999)",144
328,Tales From the Crypt Presents: Demon Knight (1995),144
3350,"Raisin in the Sun, A (1961)",143
299,Priest (1994),143
65,Bio-Dome (1996),143
3864,Godzilla 2000 (Gojira ni-sen mireniamu) (1999),143
459,"Getaway, The (1994)",143
3503,Solaris (Solyaris) (1972),143
1863,Major League: Back to the Minors (1998),142
1005,D3: The Mighty Ducks (1996),142
2370,"Emerald Forest, The (1985)",142
31,Dangerous Minds (1995),141
2354,"Rugrats Movie, The (1998)",141
436,Color of Night (1994),141
3689,Porky's II: The Next Day (1983),141
3385,Volunteers (1985),141
3457,Waking the Dead (1999),141
581,"Celluloid Closet, The (1995)",141
3091,Kagemusha (1980),141
694,"Substitute, The (1996)",141
1483,Crash (1996),141
358,Higher Learning (1995),141
2575,"Dreamlife of Angels, The (La Vie rêvée des anges) (1998)",141
2956,Someone to Watch Over Me (1987),141
2154,How Stella Got Her Groove Back (1998),140
267,Major Payne (1994),140
637,Sgt. Bilko (1996),140
378,Speechless (1994),140
2475,52 Pick-Up (1986),140
2069,"Trip to Bountiful, The (1985)",140
3028,"Taming of the Shrew, The (1967)",139
3063,Poison Ivy (1992),139
3445,Eyes of Laura Mars (1978),139
140,Up Close and Personal (1996),139
177,Lord of Illusions (1995),139
2492,20 Dates (1998),139
2596,SLC Punk! (1998),139
3616,Loser (2000),138
248,Houseguest (1994),138
3846,Easy Money (1983),138
1554,"Pillow Book, The (1995)",138
1726,"Postman, The (1997)",137
2748,Allan Quartermain and the Lost City of Gold (1987),137
548,Terminal Velocity (1994),137
2554,Children of the Damned (1963),136
2365,King Kong vs. Godzilla (Kingukongu tai Gojira) (1962),136
2612,Mildred Pierce (1945),136
1419,Walkabout (1971),136
3054,Pokémon: The First Movie (1998),136
1014,Pollyanna (1960),136
1306,Until the End of the World (Bis ans Ende der Welt) (1991),136
2660,"Thing From Another World, The (1951)",135
3889,Highlander: Endgame (2000),135
695,True Crime (1995),135
3937,Runaway (1984),135
1011,Herbie Rides Again (1974),135
558,"Pagemaster, The (1994)",135
1836,"Last Days of Disco, The (1998)",135
2757,Frances (1982),135
839,"Crow: City of Angels, The (1996)",135
2195,Dirty Work (1998),135
3475,"Place in the Sun, A (1951)",134
1681,Mortal Kombat: Annihilation (1997),134
2654,"Wolf Man, The (1941)",134
3327,Beyond the Mat (2000),134
2310,"Mighty, The (1998)",134
1992,Child's Play 2 (1990),133
135,Down Periscope (1996),133
479,Judgment Night (1993),133
3206,Against All Odds (1984),133
2996,Music of the Heart (1999),133
2851,Saturn 3 (1979),133
1897,High Art (1998),133
2924,Drunken Master (Zui quan) (1979),133
1190,Tie Me Up! Tie Me Down! (1990),132
556,"War Room, The (1993)",132
936,Ninotchka (1939),132
1085,"Old Man and the Sea, The (1958)",131
2561,True Crime (1999),131
829,Joe's Apartment (1996),131
2048,"Great Mouse Detective, The (1986)",131
2526,Meteor (1979),131
1498,Inventing the Abbotts (1997),131
2726,"Killing, The (1956)",130
2458,Armed and Dangerous (1986),130
3120,"Distinguished Gentleman, The (1992)",130
3142,U2: Rattle and Hum (1988),130
948,Giant (1956),130
2169,Dead Man on Campus (1998),130
2241,Class (1983),129
1176,"Double Life of Veronique, The (La Double Vie de Véronique) (1991)",129
2027,Mafia! (1998),129
1985,Halloween 4: The Return of Michael Myers (1988),129
3584,Breathless (1983),129
544,Striking Distance (1993),129
227,Drop Zone (1994),129
3287,"Tigger Movie, The (2000)",129
3564,"Flintstones in Viva Rock Vegas, The (2000)",128
2068,Fanny and Alexander (1982),128
2040,"Computer Wore Tennis Shoes, The (1970)",128
2151,"Gods Must Be Crazy II, The (1989)",128
100,City Hall (1996),128
2212,"Man Who Knew Too Much, The (1934)",128
1623,Wishmaster (1997),128
2860,Blue Streak (1999),128
3436,Dying Young (1991),128
662,Fear (1996),128
3915,Girlfight (2000),127
3571,Time Code (2000),127
851,Basquiat (1996),127
1986,Halloween 5: The Revenge of Michael Myers (1989),127
1999,"Exorcist III, The (1990)",127
305,Ready to Wear (Pret-A-Porter) (1994),127
1382,Marked for Death (1990),127
2967,"Bad Seed, The (1956)",127
360,I Love Trouble (1994),127
1465,Rosewood (1997),126
23,Assassins (1995),126
1024,"Three Caballeros, The (1945)",126
2443,Playing by Heart (1998),126
2337,Velvet Goldmine (1998),126
2817,Aces: Iron Eagle III (1992),125
2280,Clay Pigeons (1998),125
1484,"Daytrippers, The (1996)",124
3182,Mr. Death: The Rise and Fall of Fred A. Leuchter Jr. (1999),124
3925,Stranger Than Paradise (1984),124
547,Surviving the Game (1994),124
2498,My Favorite Martian (1999),123
1018,That Darn Cat! (1965),123
213,Burnt By the Sun (Utomlyonnye solntsem) (1994),123
2170,Wrongfully Accused (1998),123
761,"Phantom, The (1996)",123
3225,Down to You (2000),122
2436,Tea with Mussolini (1999),122
1938,"Lost Weekend, The (1945)",122
3286,Snow Day (2000),122
3690,Porky's Revenge (1985),122
3604,Gypsy (1962),122
1305,"Paris, Texas (1984)",121
1003,Extreme Measures (1996),121
2828,Dudley Do-Right (1999),121
1390,My Fellow Americans (1996),121
2364,Godzilla (Gojira) (1984),121
2290,Stardust Memories (1980),121
627,"Last Supper, The (1995)",121
691,Mrs. Winterbourne (1996),121
3600,Blue Hawaii (1961),121
801,Harriet the Spy (1996),121
3794,Chuck & Buck (2000),121
74,Bed of Roses (1996),120
346,Backbeat (1993),120
3758,Communion (1989),120
810,Kazaam (1996),120
2888,Drive Me Crazy (1999),119
2325,Orgazmo (1997),119
352,Crooklyn (1994),119
3554,Love and Basketball (2000),119
2535,Earthquake (1974),119
1804,"Newton Boys, The (1998)",119
2500,Jawbreaker (1999),119
1942,All the King's Men (1949),119
2882,Jakob the Liar (1999),118
2932,Days of Heaven (1978),118
2181,Marnie (1964),118
3045,Peter's Friends (1992),118
3130,Bonfire of the Vanities (1990),118
3824,Autumn in New York (2000),117
521,Romeo Is Bleeding (1993),117
523,Ruby in Paradise (1993),117
2360,"Celebration, The (Festen) (1998)",117
2899,Gulliver's Travels (1939),117
199,"Umbrellas of Cherbourg, The (Parapluies de Cherbourg, Les) (1964)",117
2460,"Texas Chainsaw Massacre 2, The (1986)",116
159,Clockers (1995),116
3557,Jennifer 8 (1992),116
1330,April Fool's Day (1986),116
1919,Madeline (1998),116
2514,Pet Sematary II (1992),116
1658,"Life Less Ordinary, A (1997)",116
2491,Simply Irresistible (1999),115
123,Chungking Express (1994),115
506,Orlando (1993),114
79,"Juror, The (1996)",114
1978,Friday the 13th Part V: A New Beginning (1985),114
334,Vanya on 42nd Street (1994),114
257,Just Cause (1995),114
2451,"Gate, The (1987)",113
2095,"Shaggy D.A., The (1976)",113
169,Free Willy 2: The Adventure Home (1995),113
1941,Hamlet (1948),113
3401,Baby... Secret of the Lost Legend (1985),113
1904,Henry Fool (1997),113
1998,Exorcist II: The Heretic (1977),113
3709,Sleepwalkers (1992),113
1667,Mad City (1997),113
3936,"Phantom of the Opera, The (1943)",112
312,Stuart Saves His Family (1995),112
1592,Air Bud (1997),112
1996,Poltergeist III (1988),112
1363,"Preacher's Wife, The (1996)",112
1979,Friday the 13th Part VI: Jason Lives (1986),112
3725,American Pop (1981),112
3840,Pumpkinhead (1988),112
2272,One True Thing (1998),112
1598,Desperate Measures (1998),111
63,Don't Be a Menace to South Central While Drinking Your Juice in the Hood (1996),111
2975,"Best Man, The (1999)",111
2351,Nights of Cabiria (Le Notti di Cabiria) (1957),111
1069,"Murder, My Sweet (1944)",110
2173,"Navigator: A Mediaeval Odyssey, The (1988)",110
3115,Flawless (1999),110
2418,Nothing in Common (1986),110
1629,"MatchMaker, The (1997)",109
2016,"Apple Dumpling Gang Rides Again, The (1979)",109
2165,Your Friends and Neighbors (1998),109
1606,Kull the Conqueror (1997),109
1686,Red Corner (1997),109
3330,Splendor in the Grass (1961),108
2988,Melvin and Howard (1980),108
1366,"Crucible, The (1996)",108
1855,Krippendorf's Tribe (1998),108
1043,To Gillian on Her 37th Birthday (1996),108
229,Death and the Maiden (1994),108
1935,How Green Was My Valley (1941),107
2940,Gilda (1946),107
2669,Pork Chop Hill (1959),107
743,Spy Hard (1996),107
3627,Carnival of Souls (1962),107
2782,Pit and the Pendulum (1961),107
575,"Little Rascals, The (1994)",107
3807,Sinbad and the Eye of the Tiger (1977),106
451,Flesh and Bone (1993),106
2066,Out of the Past (1947),106
3901,Duets (2000),106
692,Solo (1996),106
393,Street Fighter (1994),105
2548,"Rage: Carrie 2, The (1999)",105
809,Fled (1996),105
907,"Gay Divorcee, The (1934)",105
941,"Mark of Zorro, The (1940)",105
1984,Halloween III: Season of the Witch (1983),105
187,Party Girl (1995),105
425,Blue Sky (1994),105
465,Heaven & Earth (1993),105
1192,Paris Is Burning (1990),105
3406,Captain Horatio Hornblower (1951),105
2050,Herbie Goes Bananas (1980),104
1399,Marvin's Room (1996),104
1824,Homegrown (1998),104
2937,"Palm Beach Story, The (1942)",104
3767,Missing in Action 2: The Beginning (1985),104
3017,Creepshow 2 (1987),104
2314,Beloved (1998),104
3923,Return of the Fly (1959),104
886,Bulletproof (1996),104
2978,Three to Tango (1999),103
3357,East-West (Est-ouest) (1999),103
1535,Love! Valour! Compassion! (1997),103
781,Stealing Beauty (1996),103
835,Foxfire (1996),103
3599,Anchors Aweigh (1945),103
2149,House II: The Second Story (1987),103
2898,"Dark Half, The (1993)",102
2624,After Life (1998),102
9,Sudden Death (1995),102
1332,"Believers, The (1987)",102
2570,"Walk on the Moon, A (1999)",102
259,Kiss of Death (1995),102
2587,Life (1999),102
3872,"Suddenly, Last Summer (1959)",102
1827,"Big One, The (1997)",102
387,"Low Down Dirty Shame, A (1994)",102
2645,Dracula (1958),102
3094,Maurice (1987),101
3628,Flying Tigers (1942),101
735,Cemetery Man (Dellamorte Dellamore) (1994),101
3643,"Fighting Seabees, The (1944)",101
1004,"Glimmer Man, The (1996)",101
1816,Two Girls and a Guy (1997),101
2051,Herbie Goes to Monte Carlo (1977),101
